,x,y,comp_idx
0,25.0,25.0,[0]
1,40.28,78.34,"[2, 1091, 405, 721, 202, 451, 400, 970, 118, 640, 346, 324, 731, 626, 760]"
2,64.43,208.73,"[651, 111, 573, 886, 44, 790, 89, 1, 862, 918]"
3,174.46,119.43,[3]
4,174.5,105.62,"[939, 487, 1033, 692]"
5,178.57,88.345,[299]
6,185.505,88.345,[1105]
7,199.135,95.14500000000001,[525]
8,212.88,88.34,[250]
9,229.38,91.98,"[1103, 670, 828, 657, 23]"
10,236.28,78.12,[1113]
11,212.98000000000002,67.64,[1085]
12,206.0,67.77000000000001,[343]
13,195.02,71.28,"[320, 826, 421, 474, 189, 668, 631]"
14,188.12,57.47,"[34, 1134, 417, 209, 805, 489]"
15,171.57,47.04,[786]
16,188.16,36.87,"[787, 468, 460, 1126]"
17,188.19,29.990000000000002,"[1123, 355, 10, 493, 1141, 215, 1015, 1001, 38, 878, 642, 697, 435, 341, 374, 83, 1088, 492, 620, 253, 195, 315, 1007, 420]"
18,212.99,26.4,[389]
19,236.26,30.0,"[564, 683, 446, 260, 1020, 865, 905, 664, 103, 86, 199, 523, 300, 344, 391, 649, 185, 701, 890]"
20,236.23,43.78,"[927, 372, 1128]"
21,236.35,50.629999999999995,[51]
22,212.905,53.89,[885]
23,261.03499999999997,47.075,[938]
24,284.42,43.85,"[1076, 531, 1160, 394, 1132, 144, 19, 367, 319, 1049, 681, 920, 224, 796, 615, 284]"
25,291.29,43.739999999999995,[1057]
26,291.43,36.9,"[898, 280, 653, 736, 716, 117]"
27,298.25,30.0,"[669, 183, 292]"
28,312.0,29.94,"[40, 665, 834, 734, 634, 671, 655, 817]"
29,284.43,71.3,"[1050, 263, 925, 643, 559, 262, 819, 354, 60, 712, 371, 1041]"
30,284.39,78.11,"[399, 1047, 907, 307]"
31,284.38,85.1,"[1162, 268, 196, 490]"
32,261.14,95.16499999999999,[20]
33,236.25,112.57,"[847, 353, 742]"
34,222.56,119.36,"[151, 382, 286, 691, 305, 42, 248, 1039]"
35,208.88,112.54,"[145, 702, 739, 219, 57]"
36,201.94,112.52,"[1156, 1004, 33, 85, 594, 520, 515, 844, 1058, 87, 727, 98, 599, 867, 639]"
37,206.075,143.415,[136]
38,201.93,160.77,"[572, 541, 996, 373, 309, 266, 187, 987, 36, 976, 604, 4, 167, 444, 348, 899, 562]"
39,201.89,167.62,"[517, 967, 52, 889]"
40,212.905,191.445,[1168]
41,195.0,208.91,"[188, 407, 832, 1137, 648, 868, 127, 1063]"
42,195.02,215.61,"[951, 723, 149, 12]"
43,201.97,215.76,"[246, 107, 330, 409]"
44,195.12,222.66,[921]
45,201.89,236.32,"[930, 1003, 264, 601, 1122]"
46,219.94,232.865,[584]
47,226.73000000000002,232.815,[24]
48,236.32,215.65,"[582, 58, 471, 571, 325, 579, 240, 791, 448, 1012]"
49,247.29,212.01,[138]
50,263.88,195.02,"[724, 906]"
51,274.90999999999997,198.41500000000002,[134]
52,263.91999999999996,174.49,"[962, 773, 550, 1166, 718, 1138, 203, 926, 1127, 1016, 622, 978, 774, 464, 296, 524, 521, 358, 338, 412]"
53,277.49,160.6,"[771, 447, 207]"
54,284.4,167.54,"[785, 206]"
55,295.415,170.905,[443]
56,312.0,174.42,"[129, 612, 880, 1099, 238, 794]"
57,312.0,157.14,[434]
58,309.13,157.08999999999997,[16]
59,284.39,139.95,"[470, 455, 1000, 362, 990, 1002, 1078]"
60,284.52,119.41,"[228, 809, 770, 359, 539, 368, 56, 91, 295, 170, 968, 230, 47, 312]"
61,312.0,119.31,"[576, 288, 1095, 314, 62, 638, 245, 361]"
62,312.0,105.62,"[911, 329, 923, 208, 636]"
63,312.0,84.97999999999999,"[705, 100, 326, 497]"
64,254.04500000000002,136.425,[1036]
65,260.965,143.33999999999997,[112]
66,240.535,150.32,[737]
67,240.49,170.79500000000002,[308]
68,229.44,167.63,"[55, 753, 798, 483, 986, 526, 193, 180]"
69,174.52,160.7,"[499, 31, 733, 624, 666]"
70,157.85,164.065,[998]
71,150.99,157.01999999999998,[928]
72,151.075,136.5,[994]
73,157.935,129.67000000000002,[211]
74,140.12,133.24,"[1100, 849, 715, 259, 65, 553, 271, 143, 137, 414, 467, 205, 893, 157, 378, 988, 505, 498, 853]"
75,126.29,146.94,"[1092, 1040, 342, 72]"
76,109.785,150.35,[877]
77,91.83,160.76,"[1069, 567, 29, 335, 11, 125, 476, 1093, 1051, 919, 66]"
78,68.50999999999999,150.12,[717]
79,64.43,146.99,[627]
80,64.38,160.73,"[469, 352, 784]"
81,57.43,133.23000000000002,"[873, 463, 629, 297, 1070, 503, 1145, 675]"
82,40.975,136.515,[8]
83,30.04,140.01999999999998,"[225, 351, 869, 549, 881, 494, 1008, 782, 1104, 425, 495]"
84,29.97,146.87,"[839, 843, 1112]"
85,29.93,167.46,"[850, 132, 162, 128, 413, 1054]"
86,41.04,184.54,[1098]
87,29.92,201.97,"[105, 349, 792, 160, 529, 1090, 101, 1010, 1109, 740, 427, 310, 837, 566, 235, 586, 661]"
88,29.91,229.36,"[480, 124, 1086, 628, 815, 376, 513, 824, 304]"
89,40.900000000000006,239.74,[214]
90,47.93,239.68,[210]
91,64.34,263.90999999999997,"[884, 507, 543, 560, 1110, 327, 472, 411, 960, 888, 1005, 660, 528, 375, 870, 752, 453]"
92,82.26499999999999,253.34,[291]
93,98.86,243.22,"[673, 293, 1083, 807, 337, 370, 424, 757, 509, 589, 379]"
94,102.81,225.89499999999998,[900]
95,91.82,215.65,"[406, 1124, 1089, 606, 854, 658, 410, 93, 1140, 1094]"
96,75.47999999999999,219.01999999999998,[708]
97,68.43,191.48000000000002,[995]
98,112.57,208.81,"[768, 449, 433, 1052, 272, 95, 398, 682]"
99,123.545,218.95,[943]
100,137.16000000000003,212.22,[680]
101,144.04,205.175,[746]
102,160.71,215.76,"[696, 323, 933, 829, 465, 800, 119, 99, 836, 78, 15, 1146, 491, 500, 182]"
103,167.48,229.35,"[252, 221, 234, 895, 153, 84, 710, 982]"
104,178.52499999999998,212.135,[1056]
105,171.75,198.495,[971]
106,171.625,191.365,[1035]
107,178.53,191.535,[866]
108,133.18,174.5,"[369, 992, 150]"
109,102.91,122.745,[363]
110,91.84,126.3,"[223, 276, 903, 437, 25, 477, 1120, 700, 619, 858, 942, 512, 140, 366]"
111,116.765,109.08500000000001,[722]
112,98.74,84.97,"[1159, 385, 1028]"
113,91.89,85.1,"[213, 458, 929, 979, 273, 154, 563, 200, 121, 1130, 1029, 148, 165, 766, 26, 426, 1067, 607, 18, 201]"
114,116.685,60.855000000000004,[532]
115,116.67500000000001,54.019999999999996,[96]
116,139.94,43.82,"[1082, 558]"
117,140.06,29.91,"[756, 504, 181, 745, 975, 27, 741, 568, 864, 765, 212, 328, 1129, 147, 802, 14, 954, 676, 430, 226, 804]"
118,144.26999999999998,60.745000000000005,[555]
119,151.05,81.4,[1065]
120,140.06,85.00999999999999,"[1116, 818, 204, 772, 761, 767, 1148, 686, 533, 694, 779, 714, 419, 1087]"
121,151.085,95.275,[913]
122,151.025,102.045,[122]
123,167.65,84.97,"[174, 663, 851, 1143, 1102, 123, 232]"
124,85.05,50.71,"[71, 318, 1147]"
125,78.05,36.87,"[81, 61, 1061, 357]"
126,78.22,29.990000000000002,"[347, 769, 393, 48, 644, 290, 955, 80, 887, 812, 269, 816, 92, 641, 79, 135, 321]"
127,91.82,29.93,"[991, 381, 313]"
128,61.69,26.525,[1044]
129,29.92,30.0,"[667, 892, 585, 222, 896, 64, 332, 298, 859, 1071, 1136, 484, 936, 860, 242, 163, 231, 973, 632, 1117, 1038, 685, 388, 1023, 679]"
130,25.0,60.735,[380]
131,41.095,60.79,[909]
132,30.0,84.97,"[192, 54, 1119, 855, 237, 672, 49, 763, 1045]"
133,34.045,109.08000000000001,[744]
134,41.004999999999995,122.77,[88]
135,126.25,250.13,"[514, 164, 997, 1152, 333, 762, 1025, 68, 277]"
136,146.91,243.17,"[726, 846, 957, 1154]"
137,137.26,287.79499999999996,[621]
138,153.77,311.92,"[813, 1121, 1073]"
139,153.76,318.79,"[609, 777, 386, 735, 775, 35]"
140,160.69,312.0,[600]
141,174.46,311.89,"[677, 396, 618]"
142,188.11,305.0,[587]
143,188.22,298.3,"[429, 861, 557]"
144,195.12,291.29,"[699, 654, 749, 1064, 1097, 754, 1107, 1158, 1011, 751, 13]"
145,212.85000000000002,280.96500000000003,[247]
146,219.755,287.71000000000004,[963]
147,219.775,301.5,[279]
148,236.27,305.17,"[780, 5, 177, 838, 738]"
149,243.17,311.91,"[650, 592]"
150,243.19,298.29,"[39, 22, 565]"
151,250.04,291.43,"[303, 1169, 546, 1031, 684, 949, 350, 707, 596, 1081, 478, 689]"
152,263.78,298.18,"[538, 197, 1151, 1037, 403, 1048, 397]"
153,288.57,301.605,[130]
154,298.26,284.45,"[799, 510, 698]"
155,305.12,284.53,"[1021, 841, 820]"
156,311.88,284.39,"[540, 552, 547, 1032]"
157,312.0,301.64,[914]
158,311.94,325.77,"[635, 102, 356, 872, 1115, 159, 848, 1018, 17, 1135, 695, 617, 1131, 544, 556, 845, 1024]"
159,298.24,353.16,"[227, 924, 856, 169, 897, 1118, 1053, 519, 937, 674, 647, 974, 45, 637, 729]"
160,291.28,360.21,"[793, 275, 901, 364, 486, 334, 461]"
161,267.885,336.005,[597]
162,243.15,325.66,"[46, 432, 1046, 795, 336]"
163,219.79000000000002,329.105,[891]
164,205.95,329.12,[719]
165,212.875,342.78999999999996,[536]
166,229.37,353.33,"[466, 97, 267, 778, 1144, 233, 953, 952, 387, 402, 548]"
167,222.61,360.09,"[1014, 825]"
168,236.27,366.96,"[732, 956, 1163]"
169,247.215,377.105,[874]
170,233.64,391.0,[551]
171,236.23,404.0,"[947, 114, 1042, 879, 256, 1074, 530, 1106, 614, 940, 932]"
172,243.13,404.0,[966]
173,257.0,404.0,[9]
174,270.61,401.35,"[961, 1111, 481, 508, 473, 450]"
175,295.49,397.815,[6]
176,312.0,404.0,"[1060, 416]"
177,312.0,387.59,"[249, 570, 274, 835, 882, 1153, 776, 317, 454, 1055, 217, 912, 948, 506]"
178,243.24,353.29,"[442, 842, 485, 1013, 542, 438, 985, 1096, 306]"
179,208.9,366.9,"[482, 377, 108, 1075, 965]"
180,195.08,373.8,"[258, 1030, 511, 404, 243, 1059, 616, 216, 806, 155, 53, 625, 720, 109]"
181,181.29,373.79,"[704, 703]"
182,153.84,380.83,"[852, 709, 339, 90, 172, 1161]"
183,137.205,384.03,[748]
184,130.375,404.0,[1157]
185,112.49,401.46,"[178, 1006, 278]"
186,112.51,394.55,"[831, 690, 993, 545, 633, 803, 229, 261, 441, 578, 175, 251, 1022, 1080]"
187,109.66999999999999,384.11,[603]
188,102.955,377.185,[254]
189,82.18,384.04999999999995,[725]
190,57.43,380.65,"[1164, 158, 630, 106, 759, 75, 302, 133, 662, 554, 833, 1079, 652, 518, 904, 747]"
191,64.28999999999999,404.0,"[972, 176, 220, 115, 678]"
192,47.815,404.0,[431]
193,29.94,404.0,"[43, 1108, 916, 823]"
194,29.93,387.69,"[113, 821, 908, 255, 1062, 194, 917, 588, 613, 1165, 457, 1068, 423, 265, 1072, 789]"
195,29.92,325.65,"[418, 693, 173, 945, 983, 436, 285, 257, 345, 1155, 902, 475, 922, 37, 1149, 713]"
196,47.900000000000006,308.36,[931]
197,54.805,301.64,[126]
198,43.739999999999995,291.33,[808]
199,36.91,291.34,"[316, 981, 445, 728, 287, 688, 384, 575, 944, 863, 63]"
200,50.56,284.55,"[827, 1167, 894, 830, 583, 21, 591, 743, 311, 516, 610, 190, 1009, 561, 131]"
201,57.47,284.51,"[488, 383]"
202,68.505,294.67499999999995,[69]
203,82.275,280.885,[687]
204,105.71,277.56,"[1017, 41, 30]"
205,105.69,305.1,[283]
206,91.93,318.83,"[161, 1034, 535, 1133]"
207,78.24000000000001,325.81,"[581, 977, 76]"
208,71.34,332.53,[1170]
209,119.33,339.5,"[401, 797, 179, 645, 360, 289, 781, 244, 1101]"
210,133.1,332.58,"[883, 428, 1043, 191, 969, 1077]"
211,133.24,318.82,"[59, 146, 422, 70, 1139, 595, 840, 322, 502, 711, 574, 875, 999, 390, 301, 910, 270, 605, 941, 656]"
212,130.43,356.655,[282]
213,119.32,360.14,"[439, 171, 706, 590, 77, 184, 608, 281, 1027, 810]"
214,150.935,356.64,[152]
215,153.75,404.0,"[1066, 593]"
216,167.57,404.0,"[496, 142, 989, 758, 598, 801, 537, 1125, 659, 569, 73]"
217,178.58499999999998,404.0,[32]
218,202.03,404.0,"[1026, 577]"
219,219.765,397.79999999999995,[168]
220,212.81,384.015,[1142]
221,105.57,404.0,"[139, 755, 452]"
222,226.66,267.19,[1114]
223,240.42000000000002,273.94,[611]
224,243.29,257.03999999999996,"[602, 67, 116, 959, 7, 365, 104, 534, 934, 646]"
225,250.1,256.97,"[788, 186, 392, 814]"
226,267.97,253.29000000000002,[239]
227,274.875,260.205,[141]
228,281.745,260.365,[218]
229,288.51,260.145,[50]
230,291.38,277.52,"[415, 1084, 623, 783, 74, 156, 331, 456, 198, 764]"
231,312.0,256.90999999999997,"[580, 950, 408]"
232,298.3,222.61,"[522, 241, 462, 395, 294, 120, 94]"
233,312.0,195.12,"[871, 459, 28, 110, 857, 822, 440, 958, 501, 236, 82, 166, 964, 750, 340, 984, 730, 876]"
234,270.73,236.25,"[915, 811, 479, 946, 527, 980, 1150, 1019, 935]"
