,tl_x,tl_y,br_x,br_y,type,side,step,time
0,4.00,539.00,9.00,544.00,2,0,0,0.25
1,511.38,153.40,519.51,161.85,1,0,0,0.687
2,419.18,463.06,421.16,469.13,1,0,0,0.12
3,124.04,307.00,124.76,308.70,0,0,0,0.017
4,521.49,417.20,527.92,425.11,0,1,0,0.532
5,72.56,469.41,79.16,477.49,0,1,0,0.558
6,476.20,398.17,478.29,406.42,0,0,0,0.197
7,176.51,6.84,182.98,14.77,0,0,0,0.537
8,437.10,352.13,440.33,356.59,0,0,0,0.157
9,247.72,495.56,249.35,496.40,0,0,1,0.016
10,65.52,365.72,66.79,367.71,0,0,0,0.031
11,339.31,313.05,343.74,316.20,0,0,0,0.149
12,684.70,482.32,685.71,484.18,0,0,0,0.024
13,209.13,280.73,215.62,288.70,0,1,0,0.541
14,332.99,182.94,334.57,183.66,0,0,0,0.014
15,65.99,437.00,67.54,437.76,0,0,0,0.014
16,665.27,261.46,666.15,263.09,0,0,0,0.019
17,684.44,495.95,685.78,497.99,0,0,0,0.033
18,58.82,39.19,66.28,48.44,0,1,0,0.718
19,553.91,143.85,558.87,149.51,0,0,0,0.298
20,469.99,300.12,470.76,301.79,0,0,0,0.018
21,124.04,163.31,127.29,167.73,0,0,0,0.157
22,274.47,0.86,282.40,7.37,0,0,0,0.536
23,352.32,476.13,356.85,479.27,0,0,0,0.152
24,554.12,514.91,557.34,517.35,0,0,0,0.086
25,79.01,46.04,80.58,46.79,0,0,0,0.014
26,46.06,19.98,54.01,26.48,0,1,0,0.536
27,567.25,339.59,569.83,342.73,0,0,0,0.09
28,26.54,273.88,28.22,277.06,0,1,0,0.063
29,717.58,211.42,722.11,214.66,0,0,0,0.156
30,294.08,338.92,296.51,342.11,0,0,0,0.087
31,85.40,202.42,88.60,204.00,0,1,0,0.055
32,625.68,130.77,626.69,133.62,0,0,0,0.037
33,118.15,417.55,118.65,418.47,0,0,0,0.007
34,404.46,404.43,418.35,407.36,0,0,0,0.416
35,482.51,78.77,495.92,81.09,0,0,0,0.318
36,32.67,268.05,33.40,269.61,0,1,0,0.016
37,424.32,280.52,430.91,288.59,0,0,0,0.556
38,521.46,352.49,532.98,356.26,0,0,0,0.446
39,53.05,6.68,65.12,9.98,0,0,0,0.408
40,508.85,482.50,510.45,485.65,0,0,0,0.06
41,7.40,482.91,9.99,486.20,0,0,0,0.095
42,430.08,371.94,438.02,373.60,0,0,0,0.137
43,338.91,39.30,342.12,43.84,0,0,0,0.159
44,137.26,195.90,143.03,200.84,0,0,0,0.3
45,600.16,404.60,604.57,407.74,0,0,0,0.148
46,254.78,326.00,259.32,329.28,0,0,0,0.159
47,488.76,325.98,490.46,326.77,0,0,0,0.016
48,33.33,286.87,35.93,289.99,0,0,0,0.09
49,300.04,0.32,301.70,3.61,0,0,0,0.064
50,26.59,320.09,28.64,321.37,0,1,0,0.03
51,228.42,20.07,230.97,23.37,0,0,0,0.094
52,508.61,508.54,510.15,509.44,0,0,0,0.017
53,384.81,13.50,388.45,16.87,0,1,0,0.133
54,417.34,105.14,422.04,115.62,0,1,0,0.524
55,723.42,39.87,726.64,42.28,0,0,0,0.085
56,599.89,72.09,607.96,78.56,0,0,0,0.542
57,208.55,398.08,213.08,401.27,0,0,1,0.154
58,228.56,195.77,229.47,196.34,0,0,0,0.007
59,306.50,345.68,309.66,347.25,0,0,0,0.054
60,587.20,150.31,587.76,151.35,0,0,0,0.009
61,202.52,189.34,205.68,190.98,0,1,0,0.057
62,602.53,537.11,605.03,540.33,0,0,0,0.09
63,176.76,378.49,179.99,380.92,0,0,1,0.086
64,189.15,20.01,190.24,22.67,0,0,0,0.037
65,456.97,97.84,458.00,106.12,0,0,0,0.11
66,684.75,371.64,686.04,373.73,0,0,0,0.033
67,248.26,209.18,252.92,213.27,0,0,0,0.203
68,39.87,261.53,40.95,268.52,0,1,0,0.096
69,658.63,104.73,660.19,107.84,0,1,0,0.058
70,697.68,430.36,709.50,440.51,0,0,0,1.23
71,158.36,191.63,160.03,192.50,0,0,0,0.017
72,281.11,496.05,283.10,497.30,0,0,1,0.029
73,521.79,222.40,562.09,262.85,0,0,0,16.423
74,456.24,294.07,459.53,296.64,0,1,0,0.092
75,0.59,176.10,7.05,184.03,0,0,0,0.536
76,521.64,508.99,527.98,516.71,0,0,0,0.513
77,690.79,261.13,730.91,309.08,0,0,0,19.381
78,248.07,195.66,253.00,201.35,0,0,0,0.298
79,560.91,378.26,563.38,381.40,0,0,0,0.087
80,287.33,423.59,295.32,430.06,0,0,1,0.536
81,228.53,72.30,235.83,73.74,0,0,0,0.109
82,206.24,203.22,207.74,206.44,0,0,0,0.058
83,234.93,228.97,278.84,252.28,0,0,0,10.308
84,671.88,443.37,679.82,449.80,0,0,0,0.53
85,137.12,202.15,143.23,207.31,0,0,0,0.331
86,404.39,124.55,409.38,130.21,0,0,0,0.299
87,678.06,26.24,686.04,32.67,0,0,0,0.532
88,260.90,195.61,263.47,198.72,0,0,0,0.089
89,319.32,183.21,325.00,188.23,0,0,0,0.3
90,183.12,385.21,188.34,386.29,0,0,1,0.06
91,65.50,72.13,69.95,75.25,0,0,0,0.148
92,32.80,143.81,35.53,153.25,0,0,0,0.286
93,98.26,482.96,141.20,534.81,0,0,0,22.42
94,112.85,359.57,114.47,360.28,0,0,0,0.014
95,638.93,391.44,643.34,394.74,0,0,0,0.155
96,717.02,20.44,717.79,22.14,0,0,0,0.018
97,436.92,72.40,441.81,78.98,0,0,0,0.342
98,495.31,58.92,496.32,60.28,0,0,0,0.018
99,241.33,163.47,243.27,164.70,0,0,0,0.028
100,561.00,443.93,605.49,472.45,0,0,0,12.776
101,619.26,91.97,620.88,95.09,0,1,0,0.06
102,228.47,384.89,232.52,388.27,0,0,1,0.147
103,124.27,0.36,125.91,2.66,0,0,0,0.045
104,52.73,319.59,56.06,320.66,0,1,0,0.039
105,613.18,235.34,618.14,241.11,0,0,0,0.304
106,20.12,98.32,21.47,100.37,0,0,0,0.034
107,65.74,488.77,66.96,490.67,0,0,0,0.029
108,462.87,489.06,470.93,491.20,0,1,0,0.179
109,554.20,339.18,557.50,340.25,0,1,0,0.039
110,658.12,404.78,660.16,405.94,0,0,0,0.027
111,417.63,59.06,423.97,63.53,0,0,0,0.297
112,495.68,398.11,507.16,404.10,0,0,0,0.706
113,391.02,541.42,392.25,551.81,0,0,0,0.159
114,98.22,13.84,139.05,56.13,0,0,0,17.394
115,261.34,112.15,267.88,120.08,0,0,0,0.542
116,150.01,424.24,150.98,424.80,0,1,0,0.007
117,88.51,367.42,91.66,370.01,0,0,0,0.089
118,520.18,160.31,527.81,161.58,0,1,0,0.101
119,528.15,384.90,531.39,389.50,0,1,0,0.163
120,241.72,195.56,246.17,198.79,0,0,0,0.153
121,666.89,210.33,668.47,211.09,0,0,0,0.014
122,33.36,72.42,35.57,74.91,0,0,0,0.062
123,470.70,464.55,471.61,465.10,0,0,0,0.007
124,111.07,261.21,114.18,263.61,0,0,0,0.082
125,677.98,254.95,682.39,265.24,0,0,0,0.485
126,417.92,182.86,419.59,186.00,0,0,0,0.062
127,7.42,404.41,9.11,407.57,0,0,0,0.063
128,469.95,372.06,472.46,375.34,0,0,0,0.092
129,404.11,410.81,406.71,414.09,0,0,0,0.095
130,497.09,495.62,498.26,497.53,0,0,0,0.028
131,463.01,144.11,470.93,150.60,0,0,0,0.533
132,417.17,45.80,421.68,48.98,0,0,0,0.153
133,645.49,78.53,652.08,86.49,0,0,0,0.548
134,463.32,267.65,464.90,270.94,0,0,0,0.062
135,652.28,13.36,653.62,15.45,0,1,0,0.034
136,183.16,267.34,189.62,275.34,0,0,0,0.541
137,677.80,482.90,679.01,484.87,0,0,0,0.03
138,541.27,78.77,547.00,93.17,0,0,0,0.868
139,352.12,378.29,355.27,380.72,0,0,0,0.084
140,710.26,124.41,711.21,124.99,0,0,0,0.007
141,176.21,215.17,177.22,215.75,0,0,0,0.008
142,260.79,216.38,261.29,217.34,0,0,0,0.008
143,638.96,273.97,640.05,274.47,0,1,0,0.007
144,710.61,476.21,713.88,477.72,0,1,0,0.054
145,274.47,91.35,276.07,92.14,0,0,0,0.015
146,483.06,241.67,484.47,253.85,0,1,0,0.208
147,665.46,515.42,677.54,526.79,0,1,0,1.408
148,398.30,509.03,401.55,510.63,0,0,0,0.057
149,124.30,235.11,129.22,240.81,0,0,0,0.298
150,404.22,358.81,405.72,368.48,0,0,0,0.174
151,313.16,528.47,317.63,531.60,0,0,0,0.149
152,209.12,111.06,253.82,132.19,0,0,0,9.506
153,645.32,515.35,646.61,517.45,0,0,0,0.033
154,424.35,98.46,428.85,101.74,0,0,0,0.157
155,117.65,541.59,118.68,548.17,0,0,0,0.088
156,13.37,274.32,14.43,277.23,0,0,0,0.04
157,547.99,118.16,551.20,119.66,0,0,0,0.053
158,404.91,215.48,406.35,217.54,0,0,0,0.036
159,502.11,195.58,502.62,196.62,0,0,0,0.008
160,600.02,397.59,601.61,398.31,0,0,0,0.014
161,677.71,7.18,680.94,9.62,0,0,0,0.086
162,139.50,473.71,141.97,476.83,0,0,0,0.086
163,528.34,176.17,529.24,176.67,0,0,0,0.006
164,495.96,410.67,497.54,411.43,0,0,0,0.014
165,52.54,534.95,55.70,539.54,0,0,0,0.159
166,299.84,130.73,303.08,135.28,0,0,0,0.161
167,260.97,176.50,263.93,181.64,0,1,0,0.168
168,664.62,358.50,671.46,359.51,0,0,0,0.072
169,170.15,411.20,174.57,414.32,0,0,1,0.147
170,248.42,404.60,249.60,406.57,0,0,1,0.029
171,671.33,534.86,673.36,536.07,0,0,0,0.028
172,236.42,194.95,239.53,196.46,0,0,0,0.051
173,52.39,144.21,53.42,145.28,0,1,0,0.014
174,560.62,91.41,562.36,105.58,0,0,0,0.289
175,541.15,339.66,545.56,342.95,0,0,0,0.155
176,319.48,19.63,319.98,20.67,0,0,0,0.008
177,0.25,65.63,2.84,68.75,0,0,0,0.09
178,228.47,426.88,230.11,430.02,0,0,1,0.061
179,98.44,404.73,100.38,406.08,0,0,0,0.03
180,123.92,345.44,128.45,348.73,0,0,0,0.159
181,224.13,108.76,226.08,109.95,0,1,0,0.027
182,600.94,502.61,601.68,504.14,0,0,0,0.016
183,658.97,462.82,669.91,474.91,0,1,0,1.359
184,235.28,528.15,235.78,529.16,0,0,0,0.008
185,560.86,65.28,561.63,66.88,0,0,0,0.017
186,378.24,293.84,381.35,296.37,0,0,0,0.086
187,46.46,156.65,54.40,163.07,0,0,0,0.529
188,215.37,182.81,218.62,187.30,0,0,0,0.159
189,228.51,176.03,231.80,180.62,0,1,0,0.165
190,497.33,161.90,503.07,166.85,0,0,0,0.299
191,658.18,371.58,661.35,374.11,0,0,0,0.088
192,417.80,345.71,427.23,351.88,0,0,0,0.6
193,130.54,287.28,134.60,295.73,0,0,0,0.368
194,104.65,195.93,112.65,202.50,0,0,0,0.545
195,218.10,148.58,219.11,156.95,0,0,0,0.11
196,248.30,150.13,249.11,151.80,0,1,0,0.019
197,475.85,59.27,477.43,62.45,0,1,0,0.06
198,165.46,423.85,171.15,428.80,0,0,1,0.297
199,411.21,534.51,412.47,536.52,0,1,0,0.031
200,626.21,495.40,627.21,501.99,0,1,0,0.086
201,59.44,0.43,62.55,2.97,0,0,0,0.087
202,170.34,449.71,170.86,450.70,0,0,1,0.008
203,716.99,534.86,718.60,536.97,0,0,0,0.04
204,33.16,306.45,34.26,306.95,0,0,0,0.007
205,248.47,528.42,254.15,533.32,0,0,0,0.293
206,0.55,215.72,2.12,218.98,0,0,0,0.061
207,580.63,437.36,581.59,437.86,0,1,0,0.006
208,58.95,98.58,63.40,101.81,0,0,0,0.153
209,684.91,313.40,688.04,317.80,0,0,0,0.151
210,346.17,195.80,354.07,202.24,0,0,0,0.528
211,169.94,378.11,174.50,381.24,0,0,1,0.152
212,450.08,13.58,454.49,16.85,0,0,0,0.154
213,39.19,489.33,45.61,497.37,0,1,0,0.54
214,639.01,501.79,640.95,503.08,0,1,0,0.029
215,6.76,209.36,9.99,213.85,0,0,0,0.158
216,560.71,514.86,569.55,519.64,0,0,0,0.437
217,20.01,501.94,21.01,503.87,0,1,0,0.025
218,20.38,339.31,21.47,341.75,0,1,0,0.034
219,294.14,13.21,304.44,20.93,0,0,0,0.818
220,456.27,306.73,461.58,320.02,0,0,0,0.746
221,20.37,130.71,21.12,132.30,0,0,0,0.017
222,459.97,347.92,469.74,361.12,0,1,0,1.329
223,352.50,137.04,355.76,139.53,0,0,0,0.089
224,157.02,235.33,160.20,236.87,0,0,0,0.054
225,156.98,339.64,161.55,342.74,0,0,0,0.151
226,521.51,13.33,533.61,15.71,0,1,0,0.295
227,124.19,319.79,124.69,320.81,0,0,0,0.008
228,703.73,85.61,704.46,87.14,0,0,0,0.016
229,85.49,287.59,87.99,294.59,0,0,0,0.196
230,625.87,514.93,627.51,518.19,0,0,0,0.063
231,652.47,39.38,654.13,42.58,0,0,0,0.063
232,404.23,391.16,407.43,392.86,0,0,0,0.06
233,593.09,319.45,595.28,320.83,0,0,0,0.034
234,319.82,169.75,321.60,178.50,0,0,0,0.182
235,391.60,521.99,392.54,522.49,0,0,0,0.006
236,52.47,274.42,53.51,275.89,0,0,0,0.02
237,26.76,0.35,29.86,2.82,0,0,0,0.084
238,217.88,173.29,221.13,174.81,0,0,0,0.054
239,202.73,293.54,207.83,300.80,0,0,0,0.392
240,278.34,163.43,279.62,165.63,0,0,0,0.035
241,358.90,234.68,401.90,274.93,0,0,0,17.428
242,284.41,122.65,286.82,125.75,0,0,0,0.084
243,594.41,486.16,596.20,494.05,0,1,0,0.165
244,143.92,482.55,147.03,487.09,0,1,0,0.155
245,319.90,443.37,321.40,444.20,0,0,1,0.015
246,71.79,339.10,73.06,341.08,0,1,0,0.031
247,430.27,515.14,432.34,516.48,0,0,0,0.032
248,365.72,111.11,390.68,161.55,0,0,0,12.739
249,358.91,195.75,360.28,209.56,0,1,0,0.231
250,195.78,52.90,196.28,53.96,0,0,0,0.008
251,170.21,118.07,182.39,122.01,0,0,0,0.492
252,45.98,273.83,46.79,275.47,0,0,0,0.018
253,345.46,144.06,353.52,150.56,0,0,0,0.543
254,176.15,97.88,182.74,105.84,0,0,0,0.548
255,234.82,489.39,237.98,490.98,0,0,1,0.055
256,202.05,235.34,205.15,239.90,0,0,0,0.155
257,508.90,169.70,511.27,170.74,0,0,0,0.028
258,560.95,156.55,562.01,157.08,0,0,0,0.007
259,462.97,0.21,464.63,3.51,0,0,0,0.065
260,91.59,332.71,96.06,344.98,0,0,0,0.585
261,176.76,476.16,179.87,477.71,0,0,1,0.053
262,424.17,26.76,427.75,28.29,0,1,0,0.059
263,677.93,111.29,682.33,114.44,0,0,0,0.148
264,202.37,91.92,204.99,106.19,0,0,0,0.417
265,417.71,163.32,418.88,165.27,0,0,0,0.029
266,52.48,449.69,55.00,452.84,0,0,0,0.089
267,156.53,436.76,158.14,437.60,0,0,0,0.016
268,638.72,550.34,639.46,552.00,0,0,0,0.017
269,607.63,254.38,609.28,255.16,0,0,0,0.015
270,567.32,222.22,569.89,225.51,0,0,0,0.094
271,46.21,228.88,50.72,231.99,0,0,0,0.15
272,91.65,534.45,94.76,536.97,0,0,0,0.086
273,235.28,157.18,237.25,158.42,0,0,0,0.028
274,404.13,449.84,417.92,456.15,0,1,0,0.889
275,397.74,228.92,402.25,232.11,0,0,0,0.153
276,704.26,489.47,707.51,494.02,0,0,0,0.162
277,560.93,150.18,562.01,150.68,0,0,0,0.007
278,339.01,339.33,340.60,342.49,0,0,0,0.06
279,424.43,443.36,425.65,453.51,0,0,0,0.154
280,293.56,476.38,301.12,480.35,0,0,1,0.312
281,470.05,111.18,474.61,114.34,0,0,0,0.154
282,144.24,391.00,150.01,396.09,0,0,0,0.309
283,85.04,371.63,86.52,379.09,0,0,0,0.133
284,222.33,19.79,227.99,24.79,0,0,0,0.298
285,97.96,182.86,103.63,187.88,0,1,0,0.3
286,280.33,398.22,288.24,408.96,0,0,1,0.882
287,7.34,26.27,9.92,29.38,0,0,0,0.09
288,72.50,391.79,74.20,392.54,0,0,0,0.015
289,443.74,20.37,451.79,26.90,0,0,0,0.545
290,508.97,208.93,510.30,210.97,0,0,0,0.033
291,280.78,13.89,282.47,14.66,0,0,0,0.015
292,586.96,345.58,590.08,348.08,0,0,0,0.086
293,548.09,358.51,550.62,361.76,0,1,0,0.092
294,417.15,365.72,422.94,366.72,0,0,0,0.061
295,606.03,482.20,614.01,488.77,0,0,0,0.544
296,215.20,267.25,223.29,273.80,0,0,0,0.55
297,267.89,397.72,270.66,399.33,0,0,1,0.049
298,143.85,528.41,147.09,530.84,0,0,0,0.086
299,509.06,215.60,511.06,216.87,0,1,0,0.029
300,586.50,196.26,588.06,197.14,0,0,0,0.016
301,182.89,299.77,190.96,306.33,0,0,0,0.549
302,489.53,306.76,491.12,307.55,0,1,0,0.015
303,154.52,493.99,159.11,497.11,0,0,1,0.153
304,515.51,372.20,516.51,376.55,0,0,0,0.057
305,619.53,489.13,621.12,489.92,0,0,0,0.015
306,84.96,391.24,92.89,397.75,0,0,0,0.536
307,567.21,6.60,568.46,8.62,0,0,0,0.031
308,462.98,280.38,467.96,286.06,0,0,0,0.3
309,169.18,395.65,172.41,400.06,0,0,1,0.156
310,37.15,382.47,42.83,387.45,0,0,0,0.298
311,658.88,443.36,666.90,455.70,0,0,0,1.027
312,313.10,495.83,314.62,496.71,0,0,1,0.016
313,476.50,260.81,478.08,261.67,0,1,0,0.016
314,163.09,287.32,168.11,292.98,0,1,0,0.301
315,508.73,411.08,510.39,414.34,0,1,0,0.064
316,19.00,382.69,19.56,383.77,0,1,0,0.009
317,606.13,183.01,658.22,227.33,0,0,0,23.219
318,20.06,117.79,23.19,122.27,0,0,0,0.154
319,691.30,72.37,691.83,73.35,0,0,0,0.008
320,39.49,60.19,45.21,65.15,0,1,0,0.299
321,195.56,0.93,197.42,12.92,0,0,0,0.259
322,391.43,300.56,397.04,305.52,0,0,0,0.293
323,554.41,411.27,560.85,419.28,0,0,0,0.54
324,345.55,13.67,353.46,20.25,0,0,0,0.54
325,261.39,365.67,263.82,368.78,0,0,1,0.085
326,13.50,248.20,14.82,250.13,0,0,0,0.031
327,697.52,157.28,704.05,165.35,0,0,0,0.551
328,11.88,389.33,15.46,397.16,0,0,0,0.304
329,567.17,306.38,569.12,307.59,0,0,0,0.027
330,625.82,476.39,631.98,477.39,0,0,0,0.065
331,319.42,281.00,321.96,284.26,0,0,0,0.093
332,554.36,378.68,555.10,380.32,0,1,0,0.017
333,541.67,13.91,548.26,21.97,0,0,0,0.555
334,482.48,254.81,485.69,259.28,0,0,0,0.157
335,26.66,137.41,28.89,138.82,0,0,0,0.036
336,430.11,456.16,431.03,456.69,0,0,0,0.006
337,267.99,326.39,268.49,327.44,0,0,0,0.008
338,143.80,306.78,144.30,307.69,0,1,0,0.007
339,527.96,541.05,530.49,544.28,0,0,0,0.091
340,196.14,378.23,201.19,384.03,0,1,1,0.31
341,619.48,163.13,621.41,164.32,0,0,0,0.027
342,371.55,384.55,374.02,387.74,0,0,0,0.088
343,476.29,137.39,477.81,140.65,0,0,0,0.059
344,697.47,391.13,703.91,399.11,0,0,0,0.538
345,443.23,65.95,451.19,72.51,0,0,0,0.542
346,573.92,104.52,578.34,107.69,0,0,0,0.15
347,716.96,170.06,720.00,171.44,0,0,0,0.046
348,482.50,163.68,484.50,164.69,0,1,0,0.023
349,545.63,339.72,550.54,345.33,0,0,0,0.292
350,514.83,293.65,515.55,295.20,0,0,0,0.016
351,183.04,254.56,185.52,257.83,0,1,0,0.091
352,655.00,174.95,655.97,175.50,0,0,0,0.007
353,332.85,85.11,334.76,86.30,0,0,0,0.026
354,501.91,508.72,503.51,509.59,0,1,0,0.017
355,691.08,222.41,694.44,236.53,0,0,0,0.517
356,587.20,371.49,589.63,383.93,0,0,0,0.34
357,570.77,78.65,571.77,84.34,0,0,0,0.074
358,453.26,64.75,453.81,65.75,0,0,0,0.009
359,645.98,235.41,651.07,237.79,0,0,0,0.128
360,541.43,163.78,543.07,164.49,0,0,0,0.014
361,352.36,398.34,358.91,406.26,0,0,0,0.543
362,456.52,502.57,457.58,503.10,0,0,0,0.007
363,20.37,202.79,28.43,209.21,0,0,0,0.537
364,359.06,313.52,360.71,314.28,0,0,0,0.015
365,50.24,97.69,52.27,98.96,0,1,0,0.03
366,410.77,443.24,411.95,445.18,0,0,0,0.029
367,716.81,254.94,720.02,257.40,0,0,0,0.086
368,606.42,313.13,612.87,321.21,0,1,0,0.545
369,593.63,215.09,596.84,217.68,0,0,0,0.091
370,645.34,346.11,648.54,348.64,0,0,0,0.089
371,6.82,248.42,8.04,260.44,0,0,0,0.183
372,139.08,463.58,142.25,468.04,0,0,0,0.155
373,450.20,117.93,455.90,122.96,0,0,0,0.302
374,521.75,535.08,523.35,538.36,0,0,0,0.062
375,684.46,462.91,687.51,464.17,0,0,0,0.042
376,319.74,469.50,326.92,476.23,0,1,1,0.503
377,580.66,476.18,581.77,491.15,0,1,0,0.211
378,222.05,456.42,226.55,459.70,0,0,1,0.157
379,286.80,59.46,287.30,60.52,0,0,0,0.008
380,267.26,26.97,269.21,28.16,0,1,0,0.027
381,404.26,202.10,410.74,210.03,0,0,0,0.538
382,586.59,58.69,588.29,61.89,0,0,0,0.064
383,626.22,462.78,627.20,463.28,0,0,0,0.006
384,24.72,61.01,27.20,64.19,0,0,0,0.088
385,540.87,541.57,543.15,550.24,0,0,0,0.224
386,528.27,156.84,529.91,157.71,0,0,0,0.017
387,567.08,268.02,569.62,271.17,0,0,0,0.089
388,436.87,475.80,440.09,480.34,0,0,0,0.16
389,665.18,150.19,670.16,155.84,0,0,0,0.298
390,176.77,449.87,179.92,451.45,0,0,1,0.055
391,443.16,176.21,445.23,178.87,0,0,0,0.063
392,358.51,52.37,359.49,52.87,0,0,0,0.006
393,215.59,189.09,216.83,191.07,0,0,0,0.03
394,449.86,339.27,456.35,347.30,0,0,0,0.545
395,46.14,332.63,50.91,333.66,0,0,0,0.052
396,189.09,163.09,194.79,168.18,0,1,0,0.305
397,14.64,86.06,20.26,91.07,0,1,0,0.297
398,489.09,139.15,490.64,140.01,0,0,0,0.016
399,176.32,20.38,177.87,23.49,0,1,0,0.058
400,293.68,33.14,300.10,41.14,0,0,0,0.538
401,52.18,462.79,56.75,466.01,0,0,0,0.157
402,345.85,489.41,350.35,492.52,0,0,0,0.149
403,65.32,528.15,70.34,533.79,0,0,0,0.3
404,52.69,261.48,53.92,263.43,0,1,0,0.03
405,91.89,515.45,95.85,523.23,0,0,0,0.331
406,691.33,241.90,692.51,242.91,0,0,0,0.015
407,78.30,79.02,80.27,80.29,0,0,0,0.029
408,576.63,40.58,578.15,41.29,0,1,0,0.013
409,346.23,339.31,351.26,345.01,0,0,0,0.304
410,98.88,373.73,106.55,376.65,0,0,0,0.233
411,85.00,436.87,85.50,437.82,0,0,0,0.008
412,176.79,0.61,178.75,1.77,0,0,0,0.026
413,554.00,183.02,555.54,186.26,0,0,0,0.06
414,78.51,196.20,81.72,200.80,0,0,0,0.161
415,482.97,65.27,483.47,66.17,0,1,0,0.007
416,6.90,117.78,7.89,118.28,0,0,0,0.006
417,632.11,72.44,633.82,83.58,0,0,0,0.224
418,0.85,352.46,8.81,358.87,0,0,0,0.529
419,521.70,495.70,524.96,497.35,0,0,0,0.059
420,593.79,170.29,597.00,174.86,0,0,0,0.16
421,261.51,417.57,262.61,429.29,0,1,1,0.164
422,430.10,52.22,433.39,54.68,0,0,0,0.088
423,404.18,397.86,407.47,402.41,0,0,0,0.163
424,0.63,32.66,13.80,37.34,0,0,0,0.63
425,534.37,365.48,538.86,368.78,0,1,0,0.158
426,664.98,404.19,666.03,408.83,0,1,0,0.063
427,436.92,13.49,438.48,14.39,0,0,0,0.017
428,345.54,346.04,346.04,347.05,0,0,0,0.008
429,241.33,384.56,243.02,387.68,0,0,1,0.062
430,607.96,526.73,613.59,531.75,0,0,0,0.298
431,397.71,78.83,400.99,80.39,0,0,0,0.056
432,143.95,476.42,145.58,479.54,0,1,0,0.06
433,260.71,267.24,265.75,268.36,0,0,0,0.06
434,221.97,215.68,223.90,218.30,0,0,0,0.058
435,665.01,189.66,666.56,192.90,0,0,0,0.06
436,163.47,378.16,166.64,380.72,0,1,1,0.089
437,163.64,33.23,166.87,35.77,0,1,0,0.09
438,437.24,267.87,442.92,272.89,0,0,0,0.3
439,241.39,371.51,242.20,373.06,0,0,1,0.017
440,13.68,195.80,15.59,197.11,0,0,0,0.029
441,26.82,20.22,36.36,26.01,0,1,0,0.57
442,723.43,352.77,725.80,354.95,0,0,0,0.058
443,638.79,52.96,641.91,55.42,0,0,0,0.084
444,189.80,398.16,193.88,399.57,0,0,1,0.062
445,254.65,274.01,255.53,275.60,0,0,0,0.019
446,72.10,143.97,81.78,145.01,0,1,0,0.104
447,13.90,68.44,19.60,73.47,0,0,0,0.302
448,111.07,345.85,115.51,349.01,0,0,0,0.15
449,183.61,484.05,188.65,489.80,0,0,1,0.307
450,580.22,299.91,595.01,310.99,0,0,0,1.672
451,358.54,150.79,359.58,156.74,0,0,0,0.08
452,547.51,450.36,554.08,458.32,0,0,0,0.547
453,540.97,502.62,548.86,503.91,0,1,0,0.106
454,13.62,20.37,15.64,25.00,0,0,0,0.107
455,131.02,372.31,138.35,383.45,0,0,0,0.85
456,111.53,156.67,125.18,157.88,0,0,0,0.169
457,247.69,312.85,248.96,320.77,0,1,0,0.124
458,105.08,58.88,106.70,59.66,0,1,0,0.015
459,177.07,199.24,177.82,200.79,0,0,0,0.016
460,371.54,170.34,372.81,172.37,0,0,0,0.032
461,684.35,410.71,690.13,415.70,0,0,0,0.303
462,339.69,411.35,340.63,411.85,0,1,0,0.006
463,489.35,208.95,490.42,211.24,0,0,0,0.031
464,228.74,430.90,233.77,436.61,0,1,1,0.304
465,508.77,248.41,510.38,249.23,0,1,0,0.016
466,189.57,26.65,197.57,33.25,0,0,0,0.548
467,671.39,163.00,696.15,213.98,0,0,0,12.778
468,156.87,508.45,158.06,510.36,0,0,0,0.028
469,580.22,13.28,584.81,16.52,0,0,0,0.158
470,658.22,417.14,663.20,422.80,0,1,0,0.299
471,664.84,163.72,665.61,165.24,0,0,0,0.016
472,658.73,182.92,661.30,186.10,0,0,0,0.091
473,163.40,515.37,164.71,517.33,0,0,0,0.032
474,488.80,170.13,490.11,172.22,0,0,0,0.034
475,32.72,332.50,35.91,334.06,0,0,0,0.054
476,72.59,377.96,80.50,384.40,0,0,0,0.529
477,0.91,169.75,5.87,175.38,0,0,0,0.296
478,502.08,267.32,503.08,271.63,0,0,0,0.056
479,249.97,193.30,253.07,194.84,0,1,0,0.052
480,464.69,496.28,465.21,497.26,0,0,0,0.008
481,664.64,46.11,666.57,49.72,0,0,0,0.081
482,554.13,306.29,557.78,309.07,0,0,0,0.11
483,241.62,274.00,244.92,275.64,0,0,0,0.059
484,547.96,334.52,549.62,335.33,0,0,0,0.016
485,105.04,359.19,110.10,364.94,0,1,0,0.308
486,645.76,137.58,649.01,142.03,0,0,0,0.158
487,424.40,299.83,425.32,300.36,0,0,0,0.006
488,717.05,65.85,720.34,70.43,0,0,0,0.164
489,600.11,430.58,606.66,438.59,0,1,0,0.549
490,52.72,404.39,57.66,410.10,0,0,0,0.299
491,274.03,482.43,274.79,483.95,0,0,1,0.016
492,339.13,358.98,340.67,359.84,0,1,0,0.016
493,195.80,346.14,196.79,346.64,0,0,0,0.006
494,117.34,215.92,130.18,217.26,0,0,0,0.176
495,65.32,59.34,69.82,68.61,0,0,0,0.445
496,391.42,98.11,394.68,100.66,0,1,0,0.091
497,501.99,365.02,502.51,366.08,0,1,0,0.009
498,619.05,423.63,622.34,428.17,0,0,0,0.163
499,710.83,13.39,712.48,16.68,0,0,0,0.064
500,71.96,189.37,78.42,197.42,0,0,0,0.544
501,280.30,260.83,281.39,261.33,0,0,0,0.007
502,411.21,196.04,413.15,197.24,0,1,0,0.027
503,502.09,176.80,504.69,179.99,0,0,0,0.093
504,300.43,423.80,301.49,428.01,0,0,1,0.057
505,0.57,124.64,8.17,125.75,0,0,0,0.088
506,436.93,339.42,440.11,343.87,0,0,0,0.155
507,404.79,339.22,410.49,344.13,0,0,0,0.295
508,85.30,208.62,98.77,213.47,0,0,0,0.668
509,319.93,286.89,324.41,290.16,0,0,0,0.156
510,72.52,209.39,73.53,210.42,0,1,0,0.013
511,508.31,462.81,514.09,467.89,0,0,0,0.309
512,430.40,450.00,432.94,453.28,0,1,0,0.093
513,461.43,496.82,463.06,497.58,0,0,0,0.015
514,417.76,333.19,423.81,336.14,0,0,0,0.187
515,182.92,280.95,191.45,290.28,0,0,0,0.824
516,652.10,521.89,655.68,525.26,0,0,0,0.131
517,78.91,118.21,82.08,120.74,0,0,0,0.088
518,723.58,482.86,724.83,484.81,0,0,0,0.03
519,338.86,111.46,339.90,112.84,0,1,0,0.018
520,65.56,463.06,67.17,466.17,0,1,0,0.059
521,300.49,502.10,307.04,510.08,0,0,0,0.547
522,78.66,209.37,83.24,212.51,0,0,0,0.153
523,469.37,404.37,472.98,414.33,0,0,0,0.389
524,254.49,463.54,260.92,471.52,0,0,1,0.537
525,235.41,398.27,243.51,404.78,0,1,1,0.547
526,410.90,156.48,413.16,158.47,0,0,0,0.051
527,143.69,104.71,151.73,111.11,0,0,0,0.534
528,509.00,436.83,509.58,437.80,0,0,0,0.009
529,130.75,424.05,133.95,426.55,0,0,0,0.087
530,629.35,179.56,631.03,182.74,0,0,0,0.063
531,254.70,307.10,257.90,311.62,0,0,0,0.158
532,267.53,365.22,269.03,368.51,0,1,1,0.059
533,267.77,189.38,270.32,192.62,0,0,0,0.092
534,704.50,202.42,705.76,204.46,0,0,0,0.032
535,424.19,13.34,427.37,17.88,0,0,0,0.158
536,365.25,437.07,374.02,444.44,0,0,0,0.668
537,508.70,72.40,509.71,74.83,0,0,0,0.032
538,91.80,404.74,98.35,412.82,0,0,0,0.553
539,476.03,143.52,479.30,148.09,0,0,0,0.163
540,463.02,32.83,464.98,39.32,0,0,0,0.147
541,307.07,254.43,307.97,256.03,0,0,0,0.019
542,7.43,527.94,10.64,530.52,0,0,0,0.091
543,639.22,508.29,640.90,509.11,0,0,0,0.016
544,26.63,215.72,29.85,217.30,0,0,0,0.056
545,131.25,260.99,132.86,261.78,0,0,0,0.015
546,610.28,535.73,612.68,538.90,0,0,0,0.086
547,606.35,521.34,608.35,522.58,0,0,0,0.029
548,644.00,504.13,645.00,504.73,0,0,0,0.008
549,592.96,111.02,594.89,112.30,0,0,0,0.029
550,554.02,462.66,558.59,465.89,0,0,0,0.157
551,378.04,391.06,383.82,396.09,0,0,0,0.306
552,32.94,202.11,34.03,202.70,0,0,0,0.008
553,267.52,267.93,268.30,269.58,0,0,0,0.018
554,352.65,215.62,357.20,218.74,0,0,0,0.151
555,671.92,143.75,673.11,149.94,0,0,0,0.092
556,26.85,371.85,31.82,377.48,0,1,0,0.297
557,528.67,189.24,536.70,195.83,0,0,0,0.549
558,626.08,150.11,626.91,151.66,0,0,0,0.018
559,528.65,326.57,531.91,328.17,0,0,0,0.057
560,482.26,143.99,486.39,146.02,0,1,0,0.09
561,430.92,430.66,435.89,436.39,0,0,0,0.302
562,652.47,241.21,658.99,249.22,0,0,0,0.546
563,567.12,143.57,568.40,145.55,0,0,0,0.031
564,313.00,320.08,316.11,331.21,0,0,0,0.38
565,215.88,46.47,220.93,52.08,0,0,0,0.3
566,111.05,267.96,113.52,271.13,0,0,0,0.088
567,111.65,306.70,120.10,308.32,0,0,0,0.142
568,391.24,59.07,399.15,65.67,0,0,0,0.542
569,169.58,495.72,181.14,498.84,0,0,1,0.37
570,497.79,481.71,500.35,484.85,0,0,0,0.09
571,586.96,488.73,587.78,490.33,0,0,0,0.018
572,723.31,509.14,724.23,509.66,0,0,0,0.006
573,638.77,169.68,640.07,171.75,0,0,0,0.033
574,320.10,242.00,323.50,243.37,0,0,0,0.051
575,52.96,176.43,54.95,177.72,0,0,0,0.03
576,378.07,183.13,381.19,185.70,0,0,0,0.088
577,391.56,495.59,398.07,503.64,0,0,0,0.548
578,411.24,228.15,412.93,228.90,0,0,0,0.015
579,664.69,52.99,667.88,55.54,0,1,0,0.089
580,345.37,359.21,351.16,364.12,0,0,0,0.299
581,358.88,397.76,359.83,398.26,0,0,0,0.006
582,541.32,332.95,543.00,336.19,0,0,0,0.064
583,638.60,339.46,652.96,340.46,0,0,0,0.147
584,66.10,254.72,67.13,256.77,0,0,0,0.027
585,567.75,189.57,568.31,190.47,0,0,0,0.008
586,424.08,339.52,425.66,342.64,0,0,0,0.059
587,202.34,0.28,203.96,3.44,0,0,0,0.061
588,592.68,10.44,600.18,19.10,0,0,0,0.675
589,678.49,404.54,680.50,405.87,0,0,0,0.031
590,495.56,443.93,505.67,450.40,0,0,0,0.674
591,717.18,482.68,717.77,483.63,0,0,0,0.008
592,160.79,469.77,168.79,473.33,0,1,1,0.295
593,509.04,443.12,520.99,448.74,0,0,0,0.688
594,410.93,130.67,413.40,133.79,0,1,0,0.086
595,600.15,352.35,609.46,354.65,0,0,0,0.221
596,39.99,541.50,46.69,550.77,0,0,0,0.649
597,548.17,443.24,549.40,445.17,0,0,0,0.03
598,620.99,144.31,633.13,146.71,0,0,0,0.299
599,313.32,352.43,314.25,353.00,0,0,0,0.007
600,150.22,384.51,153.45,388.93,0,0,0,0.156
601,215.57,26.66,216.59,29.38,0,0,0,0.036
602,303.95,177.36,307.08,181.81,0,1,0,0.153
603,489.33,469.47,492.57,471.03,0,0,0,0.055
604,606.27,300.32,610.68,303.51,0,1,0,0.15
605,85.11,417.41,87.75,426.72,0,1,0,0.274
606,372.27,85.22,375.55,87.73,0,1,0,0.09
607,417.88,117.50,423.55,119.39,0,0,0,0.113
608,632.22,436.79,633.06,438.30,0,0,0,0.017
609,593.76,248.38,607.18,262.58,0,0,0,1.948
610,267.87,320.10,272.33,323.28,0,1,0,0.151
611,587.26,169.77,591.71,171.13,0,0,0,0.065
612,541.20,404.23,542.23,405.88,0,0,0,0.022
613,573.54,19.74,581.46,26.30,0,0,0,0.539
614,85.35,58.74,86.23,60.37,0,0,0,0.019
615,345.50,410.77,346.95,411.93,0,0,0,0.02
616,521.74,404.67,524.24,407.96,0,0,0,0.092
617,515.79,279.94,523.87,286.52,0,1,0,0.551
618,567.63,20.28,569.25,20.99,0,0,0,0.014
619,658.41,235.16,661.64,239.59,0,0,0,0.156
620,306.74,417.27,313.17,425.26,0,0,1,0.538
621,586.82,254.37,587.32,255.40,0,0,0,0.008
622,306.74,7.07,309.85,9.49,0,0,0,0.083
623,19.89,443.76,22.32,446.87,0,0,0,0.085
624,573.91,59.21,574.41,60.17,0,0,0,0.008
625,58.80,534.43,62.34,535.70,0,0,0,0.049
626,437.07,417.09,440.24,418.63,0,1,0,0.053
627,0.61,104.76,1.70,105.98,0,0,0,0.017
628,665.16,273.75,666.23,275.83,0,1,0,0.028
629,469.63,182.98,482.28,197.19,0,1,0,1.84
630,573.78,228.76,577.03,230.30,0,0,0,0.055
631,163.30,189.70,166.50,197.45,0,0,0,0.271
632,358.42,32.76,365.54,37.71,0,0,0,0.367
633,306.83,443.17,310.99,448.05,0,0,1,0.218
634,46.39,85.26,47.41,85.76,0,1,0,0.007
635,339.24,306.98,341.01,308.03,0,0,0,0.022
636,443.33,359.02,451.31,365.56,0,0,0,0.542
637,307.08,300.07,308.84,312.00,0,0,0,0.246
638,241.58,462.95,244.76,465.52,0,0,1,0.089
639,671.87,527.96,676.41,531.25,0,0,0,0.159
640,443.20,469.39,445.73,479.38,0,0,0,0.283
641,594.04,36.39,601.20,49.44,0,0,0,0.974
642,228.59,450.21,240.79,460.90,0,0,1,1.336
643,717.20,241.86,725.11,248.33,0,0,0,0.531
644,391.39,228.39,392.92,229.19,0,1,0,0.015
645,626.10,46.44,629.20,50.93,0,0,0,0.153
646,254.26,377.95,255.26,386.64,0,0,1,0.113
647,65.65,541.02,68.12,544.26,0,0,0,0.09
648,16.82,376.96,17.57,378.50,0,0,0,0.016
649,0.70,111.65,4.83,124.40,0,0,0,0.565
650,98.33,59.36,104.06,64.34,0,0,0,0.3
651,143.63,84.94,146.47,91.16,0,0,0,0.195
652,332.34,208.89,335.51,210.58,0,0,0,0.059
653,613.15,358.95,613.70,360.00,0,0,0,0.009
654,169.77,515.20,171.35,516.01,0,0,0,0.015
655,411.27,117.96,414.56,122.46,0,0,0,0.162
656,612.63,488.90,617.28,496.32,0,1,0,0.367
657,54.47,61.17,57.06,64.27,0,0,0,0.09
658,7.45,397.90,8.22,399.56,0,0,0,0.018
659,498.61,488.49,499.45,490.00,0,0,0,0.017
660,247.94,509.10,248.45,510.06,0,0,0,0.008
661,724.11,52.41,725.26,53.69,0,0,0,0.019
662,496.05,228.62,504.10,235.11,0,0,0,0.542
663,66.09,398.26,66.65,399.19,0,0,0,0.008
664,78.48,157.18,81.73,158.71,0,0,0,0.054
665,586.65,143.63,591.22,146.88,0,1,0,0.158
666,658.18,391.67,668.07,402.22,0,0,0,1.075
667,189.53,391.35,190.51,391.85,0,1,1,0.006
668,313.41,535.19,316.16,542.23,0,0,0,0.215
669,456.82,170.29,458.06,172.31,0,0,0,0.031
670,528.07,59.08,529.69,62.19,0,0,0,0.06
671,423.98,359.22,428.39,362.35,0,0,0,0.147
672,173.83,463.04,175.80,464.34,0,1,1,0.03
673,326.26,540.96,333.37,542.32,0,0,0,0.101
674,20.11,300.03,21.75,303.13,0,0,0,0.06
675,153.05,167.05,157.51,170.20,0,0,0,0.15
676,313.45,6.90,315.86,10.13,0,0,0,0.088
677,423.81,202.66,426.14,211.15,0,0,0,0.223
678,150.04,521.66,153.20,523.27,0,0,0,0.056
679,286.89,208.62,288.12,210.65,0,0,0,0.031
680,443.68,450.28,445.59,451.47,0,0,0,0.026
681,524.31,342.99,525.95,346.29,0,0,0,0.064
682,0.12,378.49,3.36,384.13,0,0,0,0.2
683,137.50,235.00,138.00,236.08,0,0,0,0.009
684,137.54,326.31,139.12,329.50,0,1,0,0.06
685,591.80,531.57,593.36,534.74,0,0,0,0.059
686,208.64,149.91,216.56,151.43,0,0,0,0.125
687,137.74,404.61,138.66,405.11,0,0,0,0.006
688,43.11,93.29,49.69,101.35,0,0,0,0.555
689,404.65,131.09,405.69,131.59,0,0,0,0.007
690,651.77,124.01,654.97,128.53,0,0,0,0.158
691,92.09,241.48,98.52,249.54,0,0,0,0.542
692,287.22,463.12,290.42,467.69,0,0,1,0.16
693,437.37,528.57,441.94,537.22,0,0,0,0.421
694,110.93,131.09,114.09,133.51,0,0,0,0.084
695,326.14,273.75,329.24,278.17,0,0,0,0.15
696,691.39,450.19,697.18,455.21,0,1,0,0.306
697,456.80,391.28,462.51,396.35,0,0,0,0.305
698,430.88,404.53,431.97,405.03,0,0,0,0.007
699,482.25,462.71,482.95,464.25,0,0,0,0.015
700,580.49,397.61,591.55,410.13,0,1,0,1.422
701,586.37,65.40,588.64,69.77,0,0,0,0.112
702,254.43,254.90,264.53,257.37,0,0,0,0.257
703,482.87,365.56,483.69,367.17,0,0,0,0.018
704,235.06,345.90,241.51,353.85,0,0,0,0.537
705,437.41,333.10,439.04,336.25,0,0,0,0.061
706,371.70,97.95,372.24,98.98,0,0,0,0.009
707,79.06,358.86,82.26,361.42,0,1,0,0.09
708,287.12,489.41,290.41,493.85,0,0,1,0.159
709,684.93,261.13,688.09,262.73,0,1,0,0.055
710,450.45,261.44,452.53,262.65,0,0,0,0.029
711,78.98,169.62,88.71,171.22,0,0,0,0.16
712,215.71,280.34,222.11,290.28,0,1,0,0.666
713,458.04,469.49,460.05,470.74,0,0,0,0.029
714,378.73,312.89,392.55,316.63,0,0,0,0.528
715,19.85,351.91,20.61,353.52,0,0,0,0.017
716,91.68,541.68,94.93,543.37,0,0,0,0.06
717,528.62,346.26,529.56,346.76,0,0,0,0.006
718,59.52,281.01,61.26,282.05,0,0,0,0.021
719,60.21,91.18,61.54,93.17,0,0,0,0.032
720,287.38,196.34,290.08,197.46,0,0,0,0.034
721,20.08,26.90,26.50,31.59,0,0,0,0.315
722,130.80,163.21,131.82,166.49,0,1,0,0.043
723,443.13,281.06,452.42,282.15,0,0,0,0.105
724,150.46,482.85,153.45,485.95,0,0,0,0.102
725,150.22,156.83,151.35,157.95,0,0,0,0.016
726,671.69,371.68,673.35,372.40,0,0,0,0.014
727,417.70,137.21,418.98,139.24,0,0,0,0.032
728,189.34,456.23,197.40,462.79,0,0,1,0.548
729,651.68,91.74,654.84,93.32,0,1,0,0.055
730,189.83,274.00,190.86,274.50,0,0,0,0.007
731,378.58,105.08,383.17,108.24,0,0,0,0.155
732,697.54,483.01,698.89,484.93,0,0,0,0.032
733,561.04,476.42,564.21,481.01,0,0,0,0.159
734,26.56,195.61,31.81,196.80,0,1,0,0.066
735,118.20,0.79,118.79,1.88,0,0,0,0.01
736,671.86,261.33,672.36,262.30,0,0,0,0.008
737,717.64,326.56,719.21,327.46,0,0,0,0.017
738,72.56,273.97,75.44,282.87,0,1,0,0.283
739,136.96,149.95,147.25,158.25,0,0,0,0.879
740,411.01,248.34,412.55,251.52,0,0,0,0.059
741,430.44,183.00,433.63,187.48,0,1,0,0.156
742,665.43,19.64,668.67,22.16,0,0,0,0.089
743,157.12,65.43,160.24,67.09,0,1,0,0.057
744,371.74,397.60,376.30,400.77,0,0,0,0.154
745,202.56,358.73,212.97,371.49,0,0,1,1.367
746,717.21,541.61,719.60,546.99,0,0,0,0.145
747,639.25,417.78,641.81,421.00,0,0,0,0.092
748,482.81,521.57,485.34,524.70,0,0,0,0.089
749,26.97,417.90,32.02,432.23,0,0,0,0.767
750,515.03,306.60,516.64,307.42,0,1,0,0.016
751,6.66,19.71,7.80,21.05,0,0,0,0.019
752,573.63,241.26,581.62,247.71,0,0,0,0.535
753,606.70,515.64,611.67,521.25,0,1,0,0.296
754,704.07,534.60,706.61,537.83,0,0,0,0.092
755,325.90,320.07,332.91,321.55,0,0,0,0.108
756,254.95,358.79,259.88,364.51,0,0,1,0.299
757,512.98,430.51,514.57,431.25,0,1,0,0.014
758,430.75,46.02,433.87,50.48,0,0,0,0.153
759,294.03,417.91,294.53,418.94,0,0,1,0.008
760,606.84,508.98,609.97,510.87,0,1,0,0.065
761,600.16,391.44,613.68,394.68,0,0,0,0.448
762,105.18,365.78,105.68,366.77,0,1,0,0.008
763,326.51,241.27,328.19,242.02,0,0,0,0.015
764,358.98,91.40,364.02,97.01,0,0,0,0.3
765,332.38,72.26,340.44,78.78,0,1,0,0.545
766,443.28,150.78,446.46,152.37,0,0,0,0.055
767,495.49,495.38,496.49,497.10,0,0,0,0.022
768,194.56,201.57,199.53,207.19,0,0,0,0.296
769,65.29,87.79,71.45,90.63,0,1,0,0.183
770,426.97,81.85,437.25,96.13,0,0,0,1.511
771,274.00,98.38,275.63,100.21,0,0,0,0.035
772,658.91,333.22,662.06,337.68,0,0,0,0.154
773,710.55,423.87,711.44,425.41,0,0,0,0.018
774,189.32,33.38,193.91,36.54,0,1,0,0.155
775,221.70,241.44,222.59,242.98,0,0,0,0.018
776,469.53,391.53,473.70,401.56,0,0,0,0.448
777,515.42,430.50,516.97,431.29,0,0,0,0.015
778,541.35,384.67,542.59,386.71,0,0,0,0.031
779,163.24,300.09,169.66,308.15,0,0,0,0.542
780,39.26,26.97,42.53,31.54,0,0,0,0.163
781,463.52,58.98,464.22,60.54,0,1,0,0.016
782,306.51,137.73,310.59,139.70,0,0,0,0.086
783,241.66,0.19,243.27,3.37,0,0,0,0.061
784,684.42,52.27,686.15,62.92,0,0,0,0.216
785,391.14,514.96,396.13,520.63,0,0,0,0.3
786,417.43,274.44,420.56,278.91,0,0,0,0.153
787,150.25,78.59,159.68,92.18,0,0,0,1.322
788,26.65,469.35,33.17,477.32,0,0,0,0.544
789,339.19,274.53,340.26,275.75,0,1,0,0.017
790,443.89,268.05,447.16,269.60,0,0,0,0.055
791,697.78,358.46,703.41,363.45,0,0,0,0.296
792,502.04,300.51,502.84,302.09,0,0,0,0.017
793,574.03,496.07,580.51,503.99,0,1,0,0.537
794,346.04,476.41,348.58,479.65,0,0,0,0.092
795,541.69,182.83,543.65,184.11,0,1,0,0.029
796,189.81,462.86,202.50,468.65,0,0,1,0.752
797,612.57,97.79,620.16,99.00,0,0,0,0.095
798,339.35,248.39,339.88,249.40,0,0,0,0.008
799,267.94,274.01,269.87,275.22,0,0,0,0.027
800,612.54,267.72,615.69,269.42,0,0,0,0.059
801,352.15,130.50,355.30,133.03,0,0,0,0.087
802,645.23,65.83,650.87,70.87,0,0,0,0.299
803,84.76,339.06,86.68,340.36,0,0,0,0.029
804,586.49,268.01,594.49,274.50,0,0,0,0.539
805,561.05,489.50,562.05,497.81,0,0,0,0.108
806,228.80,521.50,230.38,524.64,0,0,0,0.059
807,358.45,319.46,366.51,325.95,0,1,0,0.543
808,339.34,469.64,340.87,472.85,0,1,0,0.059
809,404.54,495.64,407.45,499.82,0,0,0,0.134
810,495.24,320.09,503.31,326.67,0,0,0,0.551
811,52.48,130.62,57.00,139.00,0,0,0,0.404
812,717.48,85.10,718.74,87.17,0,0,0,0.032
813,20.01,72.07,22.09,73.30,0,0,0,0.029
814,449.75,391.09,456.32,399.11,0,0,0,0.551
815,123.89,130.85,128.87,136.49,0,1,0,0.298
816,280.45,110.84,286.14,115.89,0,0,0,0.302
817,632.84,131.09,634.51,139.33,0,0,0,0.162
818,365.42,456.66,374.07,465.37,0,1,0,0.78
819,182.59,137.23,183.65,147.48,0,0,0,0.139
820,326.33,508.90,327.56,510.93,0,0,0,0.031
821,586.82,20.12,588.05,22.09,0,0,0,0.03
822,417.80,280.88,422.61,287.18,0,0,0,0.322
823,671.75,430.67,672.84,440.99,0,0,0,0.143
824,137.71,313.28,141.07,321.30,0,0,0,0.294
825,345.80,378.48,347.48,379.31,0,0,0,0.016
826,20.16,364.15,25.91,369.16,0,0,0,0.303
827,561.05,430.68,562.15,431.28,0,1,0,0.008
828,234.83,384.52,239.85,385.54,0,1,1,0.054
829,0.00,338.09,6.70,340.69,0,0,0,0.182
830,560.99,170.07,563.57,173.27,0,0,0,0.092
831,339.18,169.55,341.74,172.82,0,0,0,0.094
832,570.41,46.49,572.94,47.50,0,0,0,0.029
833,723.72,254.24,726.53,258.25,0,0,0,0.125
834,691.04,98.57,697.63,106.62,0,1,0,0.555
835,176.15,176.24,178.06,177.53,0,1,0,0.029
836,508.76,143.64,513.31,146.83,0,0,0,0.155
837,423.96,78.33,425.62,79.23,0,0,0,0.018
838,514.78,528.69,517.23,531.82,0,0,0,0.086
839,51.15,393.45,51.96,395.15,0,0,0,0.019
840,280.67,384.65,283.92,386.16,0,0,1,0.054
841,52.80,39.28,56.01,43.84,0,0,0,0.16
842,122.31,347.28,123.49,349.19,0,0,0,0.028
843,129.82,369.98,131.42,371.21,0,0,0,0.023
844,39.42,209.29,42.00,212.51,0,0,0,0.093
845,619.07,541.23,624.15,546.83,0,0,0,0.301
846,185.13,460.35,185.96,461.86,0,0,1,0.017
847,632.44,365.28,634.44,366.57,0,0,0,0.03
848,397.77,332.53,400.91,334.16,0,0,0,0.056
849,143.99,404.66,147.13,407.20,0,1,0,0.087
850,587.32,391.68,592.31,397.34,0,0,0,0.299
851,658.51,124.74,666.13,127.61,0,0,0,0.227
852,91.30,346.04,92.44,353.57,0,0,0,0.108
853,632.44,450.28,633.35,450.78,0,0,0,0.006
854,645.73,163.16,653.79,169.61,0,0,0,0.539
855,671.49,352.48,673.51,353.69,0,0,0,0.028
856,267.54,456.58,272.04,459.77,0,0,1,0.153
857,319.83,7.37,329.61,8.37,0,0,0,0.101
858,202.65,501.84,205.87,503.41,0,0,0,0.055
859,300.48,463.16,301.67,465.09,0,0,1,0.029
860,365.38,91.42,367.01,96.92,0,0,0,0.106
861,410.87,13.38,412.86,14.70,0,0,0,0.03
862,398.05,104.59,402.58,107.69,0,0,0,0.15
863,404.64,300.34,405.18,301.27,0,0,0,0.008
864,32.87,319.99,37.80,325.71,0,0,0,0.299
865,606.10,274.45,606.89,275.99,0,1,0,0.017
866,371.99,339.05,374.08,340.32,0,1,0,0.03
867,717.25,312.86,721.71,316.04,0,0,0,0.151
868,293.85,143.44,294.75,145.06,0,0,0,0.019
869,111.38,540.96,112.16,542.63,0,0,0,0.018
870,446.05,231.81,447.37,233.81,0,0,0,0.032
871,345.62,456.80,346.80,458.82,0,1,0,0.03
872,20.10,260.69,25.14,266.43,0,1,0,0.307
873,296.36,159.73,302.14,164.74,0,0,0,0.305
874,519.49,162.57,520.77,169.67,0,0,0,0.112
875,507.29,347.27,515.84,349.24,0,0,0,0.174
876,619.72,443.73,626.30,451.69,0,0,0,0.548
877,202.93,352.70,207.43,355.96,0,0,1,0.156
878,176.72,534.54,183.26,542.57,0,0,0,0.549
879,496.10,293.55,498.16,302.41,0,0,0,0.209
880,482.33,372.31,484.82,377.38,0,0,0,0.141
881,156.43,482.63,157.22,484.25,0,0,0,0.018
882,91.86,456.72,93.85,457.96,0,1,0,0.028
883,671.52,221.58,672.52,222.08,0,1,0,0.007
884,345.71,46.26,348.92,50.75,0,0,0,0.158
885,267.54,482.76,273.99,490.74,0,0,1,0.539
886,508.62,39.63,515.06,47.70,0,1,0,0.544
887,143.63,462.71,149.42,467.80,0,0,0,0.31
